Domain Name,Domain privacy protection status,Domain status at NC,Domain auto-renew status,Domain expiration date
bahcede.online,ON,Active,ON,Apr 20 2027
calcom.club,ON,Active,OFF,Jan 08 2027
coding.shortcut,ON,Active,OFF,Jan 16 2027
derdiedas.space,ON,Active,OFF,Jan 10 2027
firmascope.com,ON,Active,OFF,Jan 22 2027
germany101.c,ON,Active,OFF,Jan 08 2027
germany101.online,ON,Active,OFF,Jan 09 2027
germany101.xyz,ON,Active,OFF,Jan 08 2027
getirgotur.shop,ON,Active,OFF,Feb 03 2027
hayrolsun.site,ON,Active,OFF,Jan 16 2027
hazaloral.site,ON,Active,ON,Jun 17 2027
howmuchai.online,ON,Active,ON,Apr 13 2027
notyetbro.club,ON,Active,OFF,Jan 08 2027
thisisyour.website,ON,Active,OFF,Jan 13 2027
thisisyourwebsite.space,ON,Active,OFF,Jan 16 2027
toptenia.club,ON,Active,OFF,Jan 08 2027
ubtest.online,ON,Active,OFF,Jan 08 2027
vclove.online,ON,Active,OFF,Jan 22 2027
